resort,country,country code,lat,long,coord,total score,overall rank,hastags number,hashtag rate,hashtag rank,tripadvisor score,tripvadvisor rate,tripadvisor rank,ski pass cost,ski pass cost rate,ski pass cost rank,food and drinks cost,food and drinks score,food and drinks rank
Jasper,Canada,CA,61.0666922,-107.991707,61.0666922;-107.991707,79,1,3298674,25,1,4.4,22,31,293,17,210,335.65,15,24
Banff,Canada,CA,61.0666922,-107.991707,61.0666922;-107.991707,76,2,2529168,25,1,4.5,22,31,493,10,280,220,19,5
Selva,Italy,IT,42.6384261,12.674297,42.6384261;12.674297,75,3,1700753,18,5,4.6,23,4,184,20,100,375.41,14,61
Lake Tahoe,USA,US,39.7837304,-100.445882,39.7837304;-100.445882,74,4,3013739,25,1,4.06,20,135,260,18,186,452,11,178
Winter Park,USA,US,39.7837304,-100.445882,39.7837304;-100.445882,72,5,1438479,15,9,4,20,135,219,19,161,248.92,18,12
Sierra Nevada,Spain,ES,39.3260685,-4.8379791,39.3260685;-4.8379791,70,6,1766553,18,5,4.3,21,82,292,17,210,375.41,14,61
Innsbruck,Austria,AT,47.522617,14.143702,47.522617;14.143702,66,7,1633238,17,7,3.63,18,239,191,20,100,470,11,178
Megeve,France,FR,46.603354,1.8883335,46.603354;1.8883335,64,8,368646,4,40,4.66,23,4,176,21,34,309,16,22
Wildschonau,Austria,AT,47.522617,14.143702,47.522617;14.143702,63,9,32478,1,127,4.5,22,31,191,20,100,205.24,20,1
Zell am See,Austria,AT,47.522617,14.143702,47.522617;14.143702,63,9,427478,5,29,4.4,22,31,252,18,186,248.92,18,12
Alleghe,Italy,IT,42.6384261,12.674297,42.6384261;12.674297,63,9,63997,1,127,4.53,22,31,208,20,100,205,20,1
Alpendorf,Austria,AT,47.522617,14.143702,47.522617;14.143702,62,12,24599,1,127,4.56,22,31,188,20,100,226.88,19,5
Morzine,France,FR,46.603354,1.8883335,46.603354;1.8883335,62,12,408048,5,29,4.63,23,4,207,20,100,378,14,61
Madonna di Campiglio,Italy,IT,42.6384261,12.674297,42.6384261;12.674297,62,12,413318,5,29,4.6,23,4,189,20,100,361,14,61
Niseko,Japan,JP,36.5748441,139.2394179,36.5748441;139.2394179,62,12,697693,7,23,4.1,20,135,173,21,34,375.41,14,61
Big Sky,USA,US,39.7837304,-100.445882,39.7837304;-100.445882,62,12,745361,8,19,4.1,20,135,213,19,161,360,15,24
St Anton,Austria,AT,47.522617,14.143702,47.522617;14.143702,61,17,355836,4,40,4.46,22,31,197,20,100,352,15,24
Whistler,Canada,CA,61.0666922,-107.991707,61.0666922;-107.991707,61,17,3222108,25,1,4.85,24,1,494,10,280,713,2,251
Alpe di Siusi,Italy,IT,42.6384261,12.674297,42.6384261;12.674297,61,17,213405,3,60,4.23,21,82,243,18,186,226.88,19,5
Interlaken,Switzerland,CH,46.7985624,8.2319736,46.7985624;8.2319736,61,17,945324,10,16,4.23,21,82,308,16,229,364,14,61
Jackson Hole,USA,US,39.7837304,-100.445882,39.7837304;-100.445882,61,17,1045713,11,14,4.6,23,4,326,16,229,446,11,178
Vail,USA,US,39.7837304,-100.445882,39.7837304;-100.445882,61,17,1145290,12,12,4.25,21,82,341,15,242,401.59,13,141
Oberau,Austria,AT,47.522617,14.143702,47.522617;14.143702,60,23,10877,1,127,4.85,24,1,177,21,34,375.41,14,61
Yllas,Finland,FI,63.2467777,25.9209164,63.2467777;25.9209164,60,23,17233,1,127,4.1,20,135,178,21,34,248.92,18,12
Alpe d'Huez,France,FR,45.092401,6.0699443,45.092401;6.0699443,60,23,234327,3,60,4.03,20,135,240,18,186,226.88,19,5
Pralognan-La-Vanoise,France,FR,45.381809,6.7212822,45.381809;6.7212822,60,23,28866,1,127,4.4,22,31,105,23,1,375,14,61
St Sorlin d'Arves,France,FR,45.221393,6.229047,45.221393;6.229047,60,23,1975,1,127,4.66,23,4,148,22,5,375,14,61
Valfrejus,France,FR,45.1736824,6.6543255,45.1736824;6.6543255,60,23,20538,1,127,4.8,24,1,127,22,5,402,13,141
Arabba,Italy,IT,46.4971763,11.8740902,46.4971763;11.8740902,60,23,47495,1,127,4,20,135,201,20,100,226.88,19,5
Monterosa,Italy,IT,44.52786,8.61695,44.52786;8.61695,60,23,310765,4,40,4.2,21,82,172,21,34,361,14,61
Hakuba Iwatake,Japan,JP,36.72438795,137.8415827,36.7243879499999;137.841582739488,60,23,6441,1,127,4.7,23,4,144,22,5,361,14,61
Andermatt,Switzerland,CH,46.6340499,8.5948148,46.6340499;8.5948148,60,23,126780,2,81,4.46,22,31,327,16,229,205,20,1
Verbier,Switzerland,CH,46.0961011,7.2286765,46.0961011;7.2286765,60,23,463751,5,29,4,20,135,288,17,210,257,18,12
Park City,USA,US,40.6460921,-111.4979963,40.6460921;-111.4979963,60,23,1386541,14,10,4.33,21,82,450,11,277,375,14,61
Niederau,Austria,AT,47.4496738,12.0892967,47.4496738;12.0892967,59,35,11359,1,127,4.7,23,4,177,21,34,375.41,14,61
Saalbach,Austria,AT,47.3914586,12.6364473,47.3914586;12.6364473,59,35,231044,3,60,4.43,22,31,211,19,161,352,15,24
Waidring,Austria,AT,47.5842705,12.5687421,47.5842705;12.5687421,59,35,16078,1,127,4.2,21,82,189,20,100,298,17,18
Westendorf,Austria,AT,47.4320467,12.2141675,47.4320467;12.2141675,59,35,45809,1,127,4.3,21,82,203,20,100,296.52,17,18
Pamporovo,Bulgaria,BG,41.6517608,24.6948671,41.6517608;24.6948671,59,35,60305,1,127,4.5,22,31,146,22,5,375.41,14,61
Iso-Syote,Finland,FI,65.6256646,27.6052585,65.6256646;27.6052585,59,35,59803,1,127,4.2,21,82,129,22,5,336,15,24
Isola 2000,France,FR,44.1869246,7.145441205,44.1869246;7.14544120532933,59,35,46525,1,127,4.1,20,135,104,23,1,361,15,24
Les Orres,France,FR,44.5140024,6.5510313,44.5140024;6.5510313,59,35,57954,1,127,4.46,22,31,140,22,5,367,14,61
Tignes,France,FR,45.4697293,6.907594,45.4697293;6.907594,59,35,433745,5,29,4.6,23,4,254,18,186,402,13,141
Valloire,France,FR,45.165,6.4296372,45.165;6.4296372,59,35,77490,1,127,4.4,22,31,155,21,34,343,15,24
Sauze d'Oulx,Italy,IT,45.0270271,6.8583464,45.0270271;6.8583464,59,35,70385,1,127,4.6,23,4,179,21,34,375,14,61
Sestriere,Italy,IT,44.9584528,6.8786855,44.9584528;6.8786855,59,35,212680,3,60,4.2,21,82,155,21,34,375,14,61
Itter,Austria,AT,47.4701866,12.1434521,47.4701866;12.1434521,58,47,11012,1,127,4.2,21,82,175,21,34,335.65,15,24
Lech,Austria,AT,47.2091173,10.1401259,47.2091173;10.1401259,58,47,307170,4,40,4.6,23,4,202,20,100,451.64,11,178
Rauris,Austria,AT,47.1582215,12.956604,47.1582215;12.956604,58,47,33202,1,127,4.4,22,31,152,21,34,375.41,14,61
Schladming,Austria,AT,47.3940415,13.6867878,47.3940415;13.6867878,58,47,227229,3,60,4.2,21,82,196,20,100,375.41,14,61
Seefeld,Austria,AT,47.8388418,13.5451182,47.8388418;13.5451182,58,47,170774,2,81,4.2,21,82,173,21,34,375.41,14,61
St Johann,Austria,AT,46.8196,14.856746,46.8196;14.856746,58,47,35048,1,127,4.36,21,82,178,21,34,352,15,24
Chamonix,France,FR,45.9246705,6.8727506,45.9246705;6.8727506,58,47,1608200,17,7,4.43,22,31,246,18,186,723,1,264
Les 2 Alpes,France,FR,45.01571,6.12679,45.01571;6.12679,58,47,157007,2,81,4.53,22,31,228,19,161,335.3,15,24
Les Angles,France,FR,43.0835762,0.0062129,43.0835762;0.0062129,58,47,59753,1,127,4.33,21,82,164,21,34,335,15,24
Les Gets,France,FR,46.1550977,6.6633312,46.1550977;6.6633312,58,47,176473,2,81,4.43,22,31,186,20,100,367,14,61
Les Houches,France,FR,45.891508,6.799138,45.891508;6.799138,58,47,53192,1,127,4.6,23,4,186,20,100,361,14,61
Les Saisies Hauteluce,France,FR,45.7573298,6.5394475,45.7573298;6.5394475,58,47,1,1,127,4.5,22,31,156,21,34,367,14,61
Orcieres 1850,France,FR,44.6844969,6.3246487,44.6844969;6.3246487,58,47,4403,1,127,4.23,21,82,143,22,5,375,14,61
St Jean d'Arves,France,FR,45.2061981,6.2731278,45.2061981;6.2731278,58,47,1058,1,127,4,20,135,136,22,5,352,15,24
Valmeinier,France,FR,45.1853248,6.4808156,45.1853248;6.4808156,58,47,28341,1,127,4,20,135,146,22,5,343,15,24
Madesimo,Italy,IT,46.4362982,9.3584136,46.4362982;9.3584136,58,47,101309,2,81,4.3,21,82,160,21,34,361,14,61
Hakuba 47,Japan,JP,36.67254525,137.8178837,36.67254525;137.817883668214,58,47,45735,1,127,4.7,23,4,181,20,100,361,14,61
Salen,Sweden,SE,58.926068,11.3545263,58.926068;11.3545263,58,47,298565,3,60,3.9,19,202,155,21,34,352,15,24
Pas de la Casa,Andorra,AD,42.5447098,1.733494,42.5447098;1.733494,57,65,100008,2,81,4.36,21,82,207,20,100,375,14,61
Soldeu & El Tarter,Andorra,AD,42.57834625,1.652981599,42.5783462499999;1.65298159893807,57,65,6232,1,127,4.5,22,31,207,20,100,375,14,61
Ischgl,Austria,AT,47.0120228,10.2913166,47.0120228;10.2913166,57,65,317572,4,40,4.7,23,4,188,20,100,474,10,197
Obertauern,Austria,AT,47.2494362,13.5569603,47.2494362;13.5569603,57,65,137501,2,81,4.1,20,135,177,21,34,375.41,14,61
Werfenweng,Austria,AT,47.4615532,13.2567806,47.4615532;13.2567806,57,65,25248,1,127,3.6,18,239,184,20,100,240,18,12
Panorama,Canada,CA,50.4687,-116.22256,50.4687;-116.22256,57,65,10530,1,127,4,20,135,125,22,5,375.41,14,61
Levi,Finland,FI,67.7844055,24.8557289,67.7844055;24.8557289,57,65,161485,2,81,4.33,21,82,180,20,100,361,14,61
Saariselkä,Finland,FI,68.4213976,27.4177638,68.4213976;27.4177638,57,65,23806,1,127,4.26,21,82,172,21,34,375.41,14,61
Saint Gervais,France,FR,45.2022356,5.4820229,45.2022356;5.4820229,57,65,52947,1,127,4.06,20,135,177,21,34,352,15,24
Sainte Foy,France,FR,49.7945618,1.1349043,49.7945618;1.1349043,57,65,26546,1,127,4.06,20,135,140,22,5,375,14,61
St Francois de Longchamp,France,FR,45.4172599,6.3620514,45.4172599;6.3620514,57,65,27,1,127,4,20,135,153,21,34,352,15,24
Val Cenis,France,FR,45.2768658,6.8170409,45.2768658;6.8170409,57,65,47318,1,127,4.3,21,82,142,22,5,402,13,141
Pila,Italy,IT,45.7699441,8.0810802,45.7699441;8.0810802,57,65,6820,1,127,4.13,20,135,142,22,5,375,14,61
Pragelato,Italy,IT,45.0162171,6.9424531,45.0162171;6.9424531,57,65,31978,1,127,4.3,21,82,155,21,34,375,14,61
St Cristina,Italy,IT,40.397764,18.030134,40.397764;18.030134,57,65,633,1,127,4,20,135,167,21,34,352,15,24
Veysonnaz,Switzerland,CH,46.1955082,7.3363267,46.1955082;7.3363267,57,65,19561,1,127,4.1,20,135,249,18,186,240,18,12
Alyeska,USA,US,60.9608164,-149.1091216,60.9608164;-149.1091216,57,65,58510,1,127,4.5,22,31,331,15,242,227,19,5
Lake Louise,Canada,CA,51.42446,-116.176823,51.424460;-116.176823,57,65,1178559,12,12,4.33,21,82,377,14,254,489,10,197
Hintertux,Austria,AT,47.1150202,11.6824994,47.1150202;11.6824994,56,83,135410,2,81,4,20,135,210,19,161,335.65,15,24
Igls,Austria,AT,47.2310263,11.4079216,47.2310263;11.4079216,56,83,16141,1,127,4.5,22,31,130,22,5,470,11,178
Lofer,Austria,AT,47.5866984,12.6934197,47.5866984;12.6934197,56,83,60900,1,127,4.2,21,82,207,20,100,361,14,61
Solden,Austria,AT,46.9673961,11.0070193,46.9673961;11.0070193,56,83,145345,2,81,4.15,20,135,212,19,161,352,15,24
St Christoph,Austria,AT,47.127712,10.2135362,47.127712;10.2135362,56,83,5696,1,127,4,20,135,203,20,100,352,15,24
Ruka,Finland,FI,66.1702656,29.1311291,66.1702656;29.1311291,56,83,24307,1,127,3.8,19,202,176,21,34,352,15,24
Salla,Finland,FI,66.8318774,28.6668631,66.8318774;28.6668631,56,83,3095,1,127,4.13,20,135,153,21,34,375.41,14,61
Le Grand Bornand,France,FR,45.9418675,6.4271457,45.9418675;6.4271457,56,83,56000,1,127,4.63,23,4,153,21,34,452,11,178
Les Menuires,France,FR,45.3242744,6.5388965,45.3242744;6.5388965,56,83,107446,2,81,4.23,21,82,277,17,210,309,16,22
Les Sybelles,France,FR,45.25492475,6.248865708,45.25492475;6.24886570829896,56,83,46873,1,127,4.26,21,82,190,20,100,361,14,61
Meribel,France,FR,45.4164656,6.5650613,45.4164656;6.5650613,56,83,316521,4,40,4.33,21,82,277,17,210,373,14,61
Risoul,France,FR,44.6491889,6.6387088,44.6491889;6.6387088,56,83,53398,1,127,4.1,20,135,164,21,34,375,14,61
Saint Lary Soulan,France,FR,42.816936,0.3219538,42.816936;0.3219538,56,83,26713,1,127,3.9,19,202,172,21,34,352,15,24
Saint Martin De Belleville,France,FR,45.379802,6.5046312,45.379802;6.5046312,56,83,14564,1,127,4.13,20,135,187,20,100,352,15,24
Val d'Isere,France,FR,45.4498666,6.9804421,45.4498666;6.9804421,56,83,392048,4,40,4.3,21,82,254,18,186,402,13,141
Furano,Japan,JP,43.3419744,142.383188,43.3419744;142.383188,56,83,243261,3,60,4.56,22,31,168,21,34,499,10,197
Sahoro,Japan,JP,43.1757542,142.7940441,43.1757542;142.794044078551,56,83,5589,1,127,4.13,20,135,160,21,34,375.41,14,61
Geilo,Norway,NO,60.5337182,8.2089732,60.5337182;8.2089732,56,83,238326,3,60,3.83,19,202,138,22,5,430,12,166
Hemsedal,Norway,NO,60.9282437,8.38348693,60.9282436999999;8.38348692995253,56,83,269192,3,60,3.7,18,239,167,21,34,361,14,61
Are,Sweden,SE,63.4010888,13.0822241,63.4010888;13.0822241,56,83,511318,6,25,3.83,19,202,168,21,34,473,10,197
Adelboden,Switzerland,CH,46.4927213,7.5587618,46.4927213;7.5587618,56,83,113503,2,81,4.56,22,31,266.5,18,186,375.41,14,61
Scuol,Switzerland,CH,46.7976371,10.2996234,46.7976371;10.2996234,56,83,44961,1,127,4.23,21,82,230,19,161,352,15,24
Villars,Switzerland,CH,46.7861393,6.583353,46.7861393;6.583353,56,83,80037,1,127,4.2,21,82,274,17,210,298,17,18
Wengen,Switzerland,CH,46.6054411,7.9217237,46.6054411;7.9217237,56,83,138574,2,81,4,20,135,294,17,210,298,17,18
Sundance,USA,US,44.4064017,-104.375895,44.4064017;-104.375895,56,83,682307,7,23,4.3,21,82,335,15,242,402,13,141
Fulpmes,Austria,AT,47.1530974,11.3490587,47.1530974;11.3490587,55,108,10598,1,127,4.4,22,31,172,21,34,441.42,11,178
Hochkoenig,Austria,AT,47.4203341,13.0624483,47.4203341;13.0624483,55,108,10845,1,127,4,20,135,238,19,161,335.65,15,24
Hochsolden,Austria,AT,46.9774242,10.9844696,46.9774242;10.9844696,55,108,4021,1,127,4.13,20,135,211,19,161,335.65,15,24
Neustift,Austria,AT,48.5053046,14.8928539,48.5053046;14.8928539,55,108,29303,1,127,4.5,22,31,191,20,100,432,12,166
Fernie,Canada,CA,49.5041747,-115.062867,49.5041747;-115.062867,55,108,222847,3,60,4.16,20,135,259,18,186,382,14,61
Montafon,Canada,AT,47.0349544, 9.95013074,47.0349544;9.95013074,55,108,184327,2,81,3.8,19,202,192,20,100,361,14,61
Pyhä,Finland,FI,60.6524159,21.8610745,60.6524159;21.8610745,55,108,43084,1,127,3.6,18,239,142,22,5,375,14,61
Montchavin Les Coches,France,FR,45.556829,6.7311789,45.556829;6.7311789,55,108,2731,1,127,4.2,21,82,223,19,161,373,14,61
Serre Chevalier,France,FR,44.9107381,6.5500282,44.9107381;6.5500282,55,108,181861,2,81,3.9,19,202,184,20,100,375,14,61
Val d'Allos - La Foux,France,FR,44.2902431,6.5690061,44.2902431;6.5690061,55,108,1097,1,127,4.1,20,135,169,21,34,402,13,141
Val Thorens,France,FR,45.2979109,6.5822693,45.2979109;6.5822693,55,108,448196,5,29,4.1,20,135,277,17,210,402,13,141
Vaujany,France,FR,45.1576422,6.078412,45.1576422;6.078412,55,108,20834,1,127,4,20,135,145,22,5,419.16,12,166
Pozza di Fassa,Italy,IT,46.4302623,11.6867947,46.4302623;11.6867947,55,108,35226,1,127,4.16,20,135,194,20,100,375,14,61
San Cassiano,Italy,IT,40.0562867,18.3339359,40.0562867;18.3339359,55,108,41518,1,127,4.06,20,135,206,20,100,375,14,61
Leukerbad / Loeche-les-Bains,Switzerland,CH,46.3793158,7.6267416,46.3793158;7.6267416,55,108,60783,1,127,4.43,22,31,262,18,186,361,14,61
Saas Fee,Switzerland,CH,46.107342,7.9247055,46.107342;7.9247055,55,108,176648,2,81,4.6,23,4,337,15,242,352,15,24
Samnaun,Switzerland,CH,46.9442417,10.3600844,46.9442417;10.3600844,55,108,53206,1,127,3.9,19,202,207,20,100,352,15,24
Telluride,USA,US,37.9374939,-107.812285,37.9374939;-107.812285,55,108,702061,8,19,4.33,21,82,408,13,266,401.59,13,141
Hochgurgl,Austria,AT,46.8999275,11.0514309,46.8999275;11.0514309,54,126,29731,1,127,4,20,135,210,19,161,361,14,61
Kaprun,Austria,AT,47.2713898,12.7573679,47.2713898;12.7573679,54,126,278692,3,60,4.4,22,31,194,20,100,509,9,216
Kirchdorf,Austria,AT,47.3622721,15.3322954,47.3622721;15.3322954,54,126,22903,1,127,4.5,22,31,177,21,34,478.94,10,197
Mayrhofen,Austria,AT,47.1672188,11.8638664,47.1672188;11.8638664,54,126,221474,3,60,4.73,23,4,372,14,254,361,14,61
Owl's Head,Canada,CA,44.736109,-62.831971,44.736109;-62.831971,54,126,1178,1,127,3.6,18,239,177,21,34,375,14,61
Le Corbier,France,FR,48.8410039,3.3571254,48.8410039;3.3571254,54,126,19987,1,127,4.53,22,31,153,21,34,489,10,197
Valmorel,France,FR,45.4781616,6.4562373,45.4781616;6.4562373,54,126,65634,1,127,3.9,19,202,183,20,100,371,14,61
Vars,France,FR,47.5343201,5.5342065,47.5343201;5.5342065,54,126,96900,1,127,4.1,20,135,155,21,34,419,12,166
Folgarida,Italy,IT,46.3030712,10.8656079,46.3030712;10.8656079,54,126,37452,1,127,4.6,23,4,137,22,5,552.44,8,229
Livigno,Italy,IT,46.5381734,10.1359928,46.5381734;10.1359928,54,126,732252,8,19,4.56,22,31,139,22,5,713,2,251
Ortisei,Italy,IT,46.590623,11.696013,46.590623;11.696013,54,126,170751,2,81,3.46,17,274,209,20,100,352,15,24
Passo Tonale,Italy,IT,46.2593611,10.5849034,46.2593611;10.5849034,54,126,34514,1,127,3.8,19,202,208,20,100,375,14,61
Hafjell Lillehammer,Norway,NO,59.7923,5.9920942,59.7923;5.9920942,54,126,6,1,127,3,15,291,106,23,1,335.65,15,24
Kranjska Gora,Slovenia,SI,46.485132,13.7843957,46.485132;13.7843957,54,126,167423,2,81,4.13,20,135,138,22,5,479,10,197
Vemdalen,Sweden,SE,62.4451674,13.8628202,62.4451674;13.8628202,54,126,127564,2,81,3.8,19,202,173,21,34,419.16,12,166
Engelberg,Switzerland,CH,46.8223497,8.4043996,46.8223497;8.4043996,54,126,255835,3,60,4,20,135,273,17,210,382,14,61
Grindelwald,Switzerland,CH,46.6242733,8.0367462,46.6242733;8.0367462,54,126,714170,8,19,4.16,20,135,263,18,186,547.68,8,229
Savognin,Switzerland,CH,46.596957,9.5981493,46.596957;9.5981493,54,126,25692,1,127,3.5,21,82,243,18,186,375,14,61
Whitefish Mountain,USA,US,48.7535789,-114.6001487,48.7535789;-114.6001487,54,126,3793,1,127,4,20,135,360,14,254,220,19,5
Alpbach,Austria,AT,47.398816,11.9434513,47.398816;11.9434513,53,145,40133,1,127,4.46,22,31,219,19,161,446,11,178
Fieberbrunn,Austria,AT,47.4762087,12.5454618,47.4762087;12.5454618,53,145,57866,1,127,4.6,23,4,164,21,34,552.44,8,229
Katschberg,Austria,AT,47.0591646,13.6156975,47.0591646;13.6156975,53,145,31152,1,127,4.46,22,31,180,20,100,478.94,10,197
Nauders,Austria,AT,46.8917562,10.5026037,46.8917562;10.5026037,53,145,42684,1,127,3.86,19,202,163,21,34,416,12,166
Scheffau,Austria,AT,47.5251953,12.4703174,47.5251953;12.4703174,53,145,37201,1,127,3.63,18,239,203,20,100,375.41,14,61
St Wolfgang,Austria,AT,48.6712393,14.8809197,48.6712393;14.8809197,53,145,39329,1,127,3.36,16,289,125,22,5,375.41,14,61
Stubai glacier,Austria,AT,47.522617,14.143702,47.522617;14.143702,53,145,16124,1,127,4,20,135,210,19,161,401.59,13,141
Valle Nevado,Chile,CL,-33.3543477,-70.2491559,-33.3543477;-70.2491559,53,145,321326,4,40,4,20,135,304,16,229,401.59,13,141
Montgenevre,France,FR,44.9300126,6.7184146,44.9300126;6.7184146,53,145,60832,1,127,3.8,19,202,172,21,34,436,12,166
Kronplatz,Italy,IT,46.7387791,11.9583111,46.7387791;11.9583111,53,145,155518,2,81,4.4,22,31,184,20,100,509,9,216
La Villa,Italy,IT,43.0964348,13.227899,43.0964348;13.227899,53,145,5,1,127,4.2,21,82,173,21,34,478.94,10,197
Sansicario,Italy,IT,44.9650273,6.838196435,44.9650273;6.83819643465953,53,145,23049,1,127,3.5,17,274,154,21,34,375.41,14,61
Tomamu,Japan,JP,43.05,142.65,43.05;142.65,53,145,51709,1,127,3.8,19,202,180,20,100,401.59,13,141
Gstaad,Switzerland,CH,46.4761004,7.2873587,46.4761004;7.2873587,53,145,344718,4,40,3.6,18,239,327,16,229,335.65,15,24
St Moritz,Switzerland,CH,46.4978958,9.8392428,46.4978958;9.8392428,53,145,598585,6,25,3.66,18,239,332,15,242,375,14,61
Sun Valley,USA,US,43.696215,-114.353097,43.696215;-114.353097,53,145,423941,5,29,4,20,135,337,15,242,401.59,13,141
Hopfgarten,Austria,AT,47.6736887,14.9902439,47.6736887;14.9902439,52,161,21067,1,127,4.1,20,135,202,20,100,470,11,178
Maria Alm,Austria,AT,47.423299,12.94816,47.423299;12.94816,52,161,56461,1,127,3.63,18,239,238,19,161,361,14,61
Soll,Austria,AT,47.5037162,12.1916425,47.5037162;12.1916425,52,161,55379,1,127,3.56,17,274,201,20,100,375.41,14,61
Zell am Ziller,Austria,AT,47.2335951,11.881991,47.2335951;11.881991,52,161,27671,1,127,3.7,18,239,209,20,100,402,13,141
Bansko,Bulgaria,BG,41.8344086,23.4841698,41.8344086;23.4841698,52,161,314548,4,40,4.66,23,4,119,23,1,720,2,251
Courchevel,France,FR,45.4140984,6.6349892,45.4140984;6.6349892,52,161,522312,6,25,4.5,22,31,277,17,210,566,7,236
Font Romeu,France,FR,42.5050306,2.0419811,42.5050306;2.0419811,52,161,89818,1,127,3.9,19,202,161,21,34,441,11,178
La Joue du Loup,France,FR,44.6883952,5.8930366,44.6883952;5.8930366,52,161,10262,1,127,4.06,20,135,153,21,34,478.94,10,197
La Plagne,France,FR,43.2273738,1.3738302,43.2273738;1.3738302,52,161,264475,3,60,4,20,135,234,19,161,483,10,197
Superdevoluy,France,FR,44.6765415,5.9295878,44.6765415;5.9295878,52,161,18304,1,127,3.4,17,274,153,21,34,401.59,13,141
Ruhpolding,Germany,DE,47.7620099,12.6459934,47.7620099;12.6459934,52,161,72091,1,127,3.3,16,289,189,20,100,352,15,24
Cortina,Italy,IT,43.7070273,11.6858483,43.7070273;11.6858483,52,161,1043021,11,14,4.4,22,31,259,18,186,723,1,264
Courmayeur,Italy,IT,45.7874248,6.9730618,45.7874248;6.9730618,52,161,421735,5,29,4.3,21,82,219,19,161,566,7,236
Trysil Trysilfjellet,Norway,NO,61.33213,12.27765,61.33213;12.27765,52,161,0,0,294,3.7,18,239,176,21,34,401.59,13,141
Lauterbrunnen,Switzerland,CH,46.5939043,7.9078016,46.5939043;7.9078016,52,161,423734,5,29,3.73,18,239,265,18,186,451.64,11,178
Alta,USA,US,42.6736893,-95.3039943,42.6736893;-95.3039943,52,161,20297,1,127,4.13,20,135,455,11,277,205,20,1
Loveland,USA,US,40.385549,-105.0443613,40.385549;-105.044361320949,52,161,29388,1,127,4,20,135,279,17,210,361,14,61
Mammoth Mountain,USA,US,37.6307692,-119.032634,37.6307692;-119.032634,52,161,447827,5,29,3.96,19,202,374,14,254,367,14,61
Solitude,USA,US,37.5637458,-79.6064274,37.5637458;-79.6064274,52,161,3531,1,127,4,20,135,308,16,229,352,15,24
Sugarbush,USA,US,44.5417138,-73.9698685,44.5417138;-73.9698685,52,161,96089,1,127,3.9,19,202,237,19,161,402,13,141
Gerlos,Austria,AT,47.2256221,12.0345602,47.2256221;12.0345602,51,181,83398,1,127,4.3,21,82,208,20,100,528.15,9,216
Kuhtai,Austria,AT,47.2136222,11.0234047,47.2136222;11.0234047,51,181,46455,1,127,3.8,19,202,142,22,5,509,9,216
Portillo,Chile,CL,-32.8364183,-70.1290835,-32.8364183;-70.1290835,51,181,176810,2,81,4.16,20,135,321,15,242,375.41,14,61
La Clusaz,France,FR,45.9043659,6.4239011,45.9043659;6.4239011,51,181,199850,2,81,3.96,19,202,159,21,34,509,9,216
La Toussuire,France,FR,45.2557745,6.2626689,45.2557745;6.2626689,51,181,31247,1,127,3.9,19,202,151,21,34,479,10,197
Les Arcs,France,FR,43.4629097,6.4786269,43.4629097;6.4786269,51,181,251010,3,60,3.56,17,274,238,19,161,427,12,166
Pra Loup,France,FR,44.3701507,6.6025028,44.3701507;6.6025028,51,181,37223,1,127,3,15,291,169,21,34,375,14,61
Gressoney,Italy,IT,45.829612,7.8241273,45.829612;7.8241273,51,181,109930,2,81,3.7,18,239,181,20,100,463,11,178
Zermatt,Switzerland,CH,46.0212076,7.749254,46.0212076;7.749254,51,181,1222786,13,11,4.5,22,31,346,15,242,723,1,264
Heavenly,USA,US,37.6870865,-122.4693868,37.6870865;-122.4693868,51,181,50244,1,127,4.5,22,31,289,17,210,470,11,178
Killington,USA,US,43.67433,-72.7784445,43.67433;-72.7784445,51,181,257805,3,60,3.86,19,202,237,19,161,479,10,197
Schweitzer,USA,US,43.3620854,-70.44378573,43.3620854;-70.4437857296639,51,181,45408,1,127,4.36,21,82,365,14,254,352,15,24
La Massana,Andorra,AD,42.5442014,1.5163754,42.5442014;1.5163754,50,193,64448,1,127,3.56,17,274,142,22,5,483,10,197
Finkenberg,Austria,AT,47.1524246,11.8213394,47.1524246;11.8213394,50,193,20567,1,127,4.26,21,82,195,20,100,552.44,8,229
Kirchberg,Austria,AT,48.2650502,14.1593682,48.2650502;14.1593682,50,193,93104,1,127,3.66,18,239,169,21,34,478.94,10,197
Kitzbuhel,Austria,AT,47.4463585,12.3911473,47.4463585;12.3911473,50,193,67069,1,127,4.4,22,31,256,18,186,509,9,216
Zurs,Austria,AT,47.17122,10.1631739,47.17122;10.1631739,50,193,5486,1,127,3,15,291,202,20,100,375,14,61
Red Mountain Resort,Canada,CA,49.1055201,-117.8462801,49.1055201;-117.84628011635,50,193,8457,1,127,4.46,22,31,403,13,266,375,14,61
La Tania,France,FR,45.432169,6.5963993,45.432169;6.5963993,50,193,32500,1,127,4.6,23,4,277,17,210,509,9,216
Les Carroz,France,FR,46.0254794,6.6383866,46.0254794;6.6383866,50,193,28419,1,127,4.23,21,82,210,19,161,510,9,216
Samoens,France,FR,46.0834066,6.7269485,46.0834066;6.7269485,50,193,92092,1,127,3.06,15,291,194,20,100,375,14,61
Garmisch Partenkirchen,Germany,DE,47.4923741,11.0962815,47.4923741;11.0962815,50,193,399214,4,40,4.15,20,135,217,19,161,586.25,7,236
Corvara,Italy,IT,42.2748753,13.8726935,42.2748753;13.8726935,50,193,116174,2,81,4.2,21,82,209,20,100,566.16,7,236
La Thuile,Italy,IT,45.7162875,6.9486119,45.7162875;6.9486119,50,193,114960,2,81,3.4,17,274,167,21,34,479,10,197
Steamboat,USA,US,35.748065,-109.850669,35.748065;-109.850669,50,193,45325,1,127,4.4,22,31,376,14,254,401.59,13,141
Taos,USA,US,36.4072377,-105.573284,36.4072377;-105.573284,50,193,558206,6,25,4.36,21,82,470,10,280,401.59,13,141
Filzmoos,Austria,AT,47.4329886,13.5182127,47.4329886;13.5182127,49,207,36747,1,127,4.03,20,135,196,20,100,552.44,8,229
Galtur,Austria,AT,46.9681674,10.1865341,46.9681674;10.1865341,49,207,29415,1,127,4.4,22,31,221,19,161,586.25,7,236
Gosau,Austria,AT,47.5851071,13.5362156,47.5851071;13.5362156,49,207,55724,1,127,3.7,18,239,163,21,34,528.15,9,216
Hinterglemm,Austria,AT,47.378973,12.5971959,47.378973;12.5971959,49,207,85361,1,127,3.9,19,202,244,18,186,446,11,178
Obergurgl,Austria,AT,46.870377,11.0274984,46.870377;11.0274984,49,207,58306,1,127,3.5,17,274,286,17,210,375.41,14,61
Silver Star Mountain,Canada,CA,50.3688799,-119.0640404,50.3688799;-119.0640404,49,207,30846,1,127,4.43,22,31,427,12,270,375.41,14,61
Les Contamines - Montjoie,France,FR,45.8210905,6.72751,45.8210905;6.72751,49,207,15170,1,127,3.7,18,239,165,21,34,510,9,216
La Tzoumaz,Switzerland,CH,46.1444445,7.2348916,46.1444445;7.2348916,49,207,17494,1,127,4.4,22,31,291,17,210,509,9,216
Murren,Switzerland,CH,46.5594576,7.8929321,46.5594576;7.8929321,49,207,80238,1,127,3.7,18,239,249,18,186,432,12,166
Nendaz,Switzerland,CH,46.1867083,7.3051008,46.1867083;7.3051008,49,207,70131,1,127,3.7,18,239,249,18,186,416,12,166
Crans Montana,Switzerland,CH,46.31201363,7.480582513,46.3120136326394;7.48058251273731,49,207,223101,3,60,4.4,22,31,294,17,210,566,7,236
Stowe,USA,US,44.4643768,-72.6856197,44.4643768;-72.6856197,49,207,300979,4,40,4.1,20,135,436,12,270,402,13,141
Cerro Catedral,Argentina,AR,-44.9309958,-71.9281292,-44.9309958;-71.9281292,48,219,191314,2,81,4.63,23,4,130,22,5,723,1,264
Grimentz Anniviers,Switzerland,CH,46.1802947,7.573834,46.1802947;7.573834,48,219,33600,0,294,3.9,19,202,263,18,186,446,11,178
Klosters,Switzerland,CH,46.8829097,9.8750678,46.8829097;9.8750678,48,219,73109,1,127,4.36,21,82,302,16,229,483,10,197
Jay Peak,USA,US,47.6313713,-120.8295337,47.6313713;-120.8295337,48,219,73061,1,127,3.7,18,239,379,14,254,336,15,24
Sunday River,USA,US,44.4718486,-70.86733784,44.4718486;-70.8673378446274,48,219,77729,1,127,4,20,135,379,14,254,401.59,13,141
The Summit at Snoqualmie,USA,US,41.07502945,-85.14212685,41.07502945;-85.1421268483053,48,219,1866,1,127,3.7,18,239,313,16,229,401.59,13,141
Las Lenas,Argentina,AR,-35.1467089,-70.0800761,-35.1467089;-70.0800761,47,225,9628,1,127,3.76,18,239,270,17,210,451.64,11,178
Dachstein West,Austria,AT,47.5149184,13.4498696,47.5149184;13.4498696,47,225,23715,1,127,3.9,19,202,129,22,5,625.94,5,243
Fugen / Fugenberg,Austria,AT,47.340127,11.846386,47.340127;11.846386,47,225,2166,1,127,4.26,21,82,388,14,254,441.42,11,178
Kimberley,Canada,CA,49.6850876,-115.9819477,49.6850876;-115.9819477,47,225,479,1,127,4.3,21,82,332,15,242,478.94,10,197
Mont Sainte Anne,France,FR,43.90217925,-0.4919311424,43.90217925;-0.491931142391699,47,225,16339,1,127,3.63,18,239,365,14,254,361,14,61
Grand Targhee,USA,US,43.78421,-110.9446116,43.78421;-110.944611569787,47,225,32906,1,127,4.2,21,82,379,14,254,462.98,11,178
Loon,USA,US,48.072688,-117.63021,48.072688;-117.63021,47,225,39230,1,127,3.7,18,239,403,13,266,359.73,15,24
Sierra-at-Tahoe,USA,US,38.7960972,-120.0768961,38.7960972;-120.076896083138,47,225,40379,1,127,4.4,22,31,474,10,280,375,14,61
Arinsal,Andorra,AD,42.5720821,1.4844029,42.5720821;1.4844029,46,233,49733,1,127,4.6,23,4,168,21,34,723,1,264
Bad Gastein,Austria,AT,47.1144954,13.1352653,47.1144954;13.1352653,46,233,146407,2,81,4.4,22,31,188,20,100,713,2,251
Bad Hofgastein,Austria,AT,47.1703104,13.1060635,47.1703104;13.1060635,46,233,47122,1,127,4.7,23,4,195,20,100,713,2,251
Revelstoke,Canada,CA,50.998045,-118.1956709,50.998045;-118.1956709,46,233,362907,4,40,3.4,17,274,450,11,277,375.41,14,61
Sun Peaks,Canada,CA,50.8844684,-119.8823295,50.8844684;-119.8823295,46,233,116287,2,81,3.9,19,202,413,12,270,401.59,13,141
Flaine,France,FR,46.0068544,6.6903664,46.0068544;6.6903664,46,233,84641,1,127,3.8,19,202,269,18,186,552,8,229
Davos,Switzerland,CH,46.796198,9.8236892,46.796198;9.8236892,46,233,470087,5,29,4.2,21,82,302,16,229,651,4,248
Lenzerheide,Switzerland,CH,46.7280297,9.5584408,46.7280297;9.5584408,46,233,157798,2,81,3.56,17,274,264,18,186,505,9,216
Crested Butte,USA,US,38.8698201,-106.984043,38.8698201;-106.984043,46,233,398428,4,40,4.1,20,135,336,15,242,566.16,7,236
Mount Snow,USA,US,42.9589685,-72.9237112,42.9589685;-72.9237112,46,233,87964,1,127,4.3,21,82,426,12,270,416,12,166
Mt Bachelor,USA,US,43.9792818,-121.688365,43.9792818;-121.688365,46,233,155048,2,81,3.5,17,274,331,15,242,416,12,166
Snowbird,USA,US,35.3012874,-83.873361,35.3012874;-83.873361,46,233,361373,4,40,3.6,18,239,474,10,280,375,14,61
Axamer Lizum,Austria,AT,47.1943801,11.3030187,47.1943801;11.3030187,45,245,29254,1,127,4.5,22,31,150,21,34,723,1,264
Borovets,Bulgaria,BG,42.2668301,23.6074324,42.2668301;23.6074324,45,245,88013,1,127,4.2,21,82,133,22,5,723,1,264
Mont Tremblant,Canada,CA,46.11588,-74.5891426,46.11588;-74.5891426,45,245,332527,4,40,3.63,18,239,516,9,289,361,14,61
Sunshine Village,Canada,CA,49.11834145,-122.8910081,49.11834145;-122.891008142345,45,245,136233,2,81,4.1,20,135,474,10,280,401.59,13,141
Avoriaz,France,FR,46.1925439,6.7702857,46.1925439;6.7702857,45,245,288189,3,60,4.5,22,31,233,19,161,723,1,264
Chamrousse,France,FR,45.1171487,5.893161879,45.1171487;5.89316187870319,45,245,86108,1,127,4,20,135,138,22,5,713,2,251
Les Diablerets,Switzerland,CH,46.35548707,7.15718888,46.3554870743746;7.1571888795723,45,245,38164,1,127,3.6,18,239,274,17,210,510,9,216
Bormio,Italy,IT,46.4692482,10.3721712,46.4692482;10.3721712,45,245,376896,4,40,3.96,19,202,179,21,34,723,1,264
Canazei,Italy,IT,46.4768809,11.7710748,46.4768809;11.7710748,45,245,183871,2,81,4.6,23,4,226,19,161,723,1,264
Kandersteg,Switzerland,CH,46.4975866,7.6756638,46.4975866;7.6756638,45,245,129002,2,81,3.8,19,202,190,20,100,645,4,248
Okemo Mountain,USA,US,43.4009701,-72.7166947,43.4009701;-72.7166947,45,245,15732,1,127,3.63,18,239,420,12,270,375,14,61
Squaw Valley,USA,US,36.694193,-119.199924,36.694193;-119.199924,45,245,177241,2,81,2.5,12,295,307,16,229,352,15,24
Bad Kleinkirchheim,Austria,AT,46.8144214,13.7983599,46.8144214;13.7983599,44,257,47568,1,127,4.4,22,31,191,20,100,723,1,264
Auris en Oisans,France,FR,45.0543486,6.0771511,45.0543486;6.0771511,44,257,5102,1,127,4.23,21,82,155,21,34,723,1,264
Chatel,France,FR,46.2671987,6.8412678,46.2671987;6.8412678,44,257,121710,2,81,4,20,135,168,21,34,723,1,264
La Rosiere,France,FR,47.9081796,6.6250492,47.9081796;6.6250492,44,257,61217,1,127,3.8,19,202,202,20,100,657,4,248
Bardonecchia,Italy,IT,45.078339,6.703205,45.078339;6.703205,44,257,149381,2,81,3.9,19,202,155,21,34,713,2,251
Bohinj,Slovenia,SI,46.30203365,13.90901554,46.30203365;13.9090155363461,44,257,173319,2,81,3.9,19,202,121,22,5,723,1,264
Baqueira Beret,Spain,ES,42.699353,0.933476,42.699353;0.933476,44,257,113312,2,81,3.9,19,202,175,21,34,713,2,251
Arosa,Switzerland,CH,46.7797248,9.6781356,46.7797248;9.6781356,44,257,250937,3,60,4.63,23,4,301,16,229,713,2,251
Laax,Switzerland,CH,46.806412,9.2581267,46.806412;9.2581267,44,257,193544,2,81,3.7,18,239,393,13,266,452,11,178
Zinal,Switzerland,CH,46.136287,7.6267982,46.136287;7.6267982,44,257,38612,1,127,4,20,135,264,18,186,632,5,243
Snowmass,USA,US,39.3316513,-106.986156,39.3316513;-106.986156,44,257,244240,3,60,4.6,23,4,660,4,291,375.41,14,61
Stratton Mountain,USA,US,43.1167439,-72.906489,43.1167439;-72.906489,44,257,46955,1,127,3.7,18,239,436,12,270,402,13,141
Auffach,Austria,AT,47.4114488,12.0336295,47.4114488;12.0336295,43,269,4620,1,127,4.36,21,82,190,20,100,723,1,264
Brand & Burserberg,Austria,AT,48.1950666,15.6221475,48.1950666;15.6221475,43,269,5146,1,127,4,20,135,154,21,34,723,1,264
Ellmau,Austria,AT,47.5136972,12.3024747,47.5136972;12.3024747,43,269,96241,1,127,3.5,17,274,202,20,100,632,5,243
Kicking Horse,Canada,CA,51.298243,-117.0499267,51.298243;-117.0499267,43,269,65422,1,127,4.4,22,31,474,10,280,478.94,10,197
Cauterets,France,FR,42.8893451,-0.114546,42.8893451;-0.114546,43,269,105032,2,81,3.86,19,202,157,21,34,723,1,264
Cervinia,France,FR,48.5376112,2.555581059,48.5376112;2.55558105881388,43,269,300761,4,40,3.7,18,239,201,20,100,723,1,264
Champoluc,Italy,IT,45.8316385,7.7259957,45.8316385;7.7259957,43,269,94213,1,127,4,20,135,181,20,100,713,2,251
Beitostolen,Norway,NO,61.2487161,8.9062594,61.2487161;8.9062594,43,269,101061,2,81,3.6,18,239,123,22,5,723,1,264
Interlaken,Switzerland,CH,46.686281,7.864385124,46.686281000711;7.86438512415469,42,277,935041,10,16,4.36,21,82,474,10,280,723,1,264
Brides les Bains,France,FR,45.4525213,6.5667816,45.4525213;6.5667816,42,277,7117,1,127,4,20,135,182,20,100,723,1,264
Bareges,France,FR,42.8958816,0.0622368,42.8958816;0.0622368,41,279,15293,1,127,3.96,19,202,192,20,100,723,1,264
Claviere,France,FR,45.0175393,4.4072288,45.0175393;4.4072288,41,279,31489,1,127,3.73,18,239,171,21,34,723,1,264
Ax les Thermes,France,FR,42.7193597,1.8379765,42.7193597;1.8379765,40,281,24127,1,127,3.43,17,274,150,21,34,723,1,264
Campitello,Italy,IT,43.4029548,12.6915799,43.4029548;12.6915799,40,281,19196,1,127,3.8,19,202,226,19,161,723,1,264
Champery,Switzerland,CH,46.1756791,6.8687665,46.1756791;6.8687665,40,281,43320,1,127,4.06,20,135,273,17,210,713,2,251
Flims,Switzerland,CH,46.8332439,9.2834557,46.8332439;9.2834557,40,281,176835,2,81,3.7,18,239,420,12,270,552,8,229
Big White,Canada,CA,46.87111695,-60.33442845,46.87111695;-60.3344284469025,39,285,166192,2,81,3.9,19,202,316,16,229,713,2,251
Bromont,Canada,CA,45.3187339,-72.6463074,45.3187339;-72.6463074,39,285,87743,1,127,4.2,21,82,322,16,229,723,1,264
Crystal Mountain Michigan,USA,US,44.5249172,-85.99928929,44.5249172;-85.999289290202,39,285,113570,2,81,3.7,18,239,379,14,254,626,5,243
Argentiere,France,FR,45.9838402,6.9298616,45.9838402;6.9298616,38,288,34300,1,127,3.5,17,274,258,18,186,713,2,251
Beaver Creek,USA,US,43.613987,-96.363724,43.613987;-96.363724,38,288,343629,4,40,3.63,18,239,350,15,242,723,1,264
Deer Valley,USA,US,48.1815678,-117.3007731,48.1815678;-117.3007731,34,290,214683,3,60,4.5,22,31,640,4,291,632,5,243
Breckenridge,USA,US,32.7558392,-98.9032554,32.7558392;-98.9032554,32,291,976806,10,16,4.1,20,135,749,1,295,723,1,264
Copper Mountain,USA,US,38.0454785,-119.1954303,38.0454785;-119.1954303,30,292,179521,2,81,3.5,17,274,474,10,280,723,1,264
Buttermilk,USA,US,35.3873034,-92.897113,35.3873034;-92.897113,28,293,384285,4,40,4.1,20,135,687,3,293,723,1,264
Aspen,USA,US,39.1911128,-106.82356,39.1911128;-106.82356,27,294,153727,2,81,3.86,19,202,635,5,290,723,1,264
Aspen Highlands,USA,US,39.1911128,-106.82356,39.1911128;-106.82356,25,295,26326,1,127,4,20,135,687,3,293,723,1,264